job_id,job_name,state,elapsed,max_rss
32526772,null-bundle-finalize,COMPLETED,00:01:25,
32526772.batch,batch,COMPLETED,00:01:25,12.58G
32526771_0,null-bundle-build,COMPLETED,00:02:54,
32526771_0.batch,batch,COMPLETED,00:02:54,17.27G
32526771_1,null-bundle-build,COMPLETED,00:02:30,
32526771_1.batch,batch,COMPLETED,00:02:30,17.29G
32526771_2,null-bundle-build,COMPLETED,00:02:19,
32526771_2.batch,batch,COMPLETED,00:02:19,17.21G
32526771_3,null-bundle-build,COMPLETED,00:01:19,
32526771_3.batch,batch,COMPLETED,00:01:19,13.80G
32526771_4,null-bundle-build,COMPLETED,00:02:19,
32526771_4.batch,batch,COMPLETED,00:02:19,17.14G
32526771_5,null-bundle-build,COMPLETED,00:01:18,
32526771_5.batch,batch,COMPLETED,00:01:18,10.67G
32526771_6,null-bundle-build,COMPLETED,00:00:59,
32526771_6.batch,batch,COMPLETED,00:00:59,10.71G
32526771_7,null-bundle-build,COMPLETED,00:00:58,
32526771_7.batch,batch,COMPLETED,00:00:58,10.69G
32526771_8,null-bundle-build,COMPLETED,00:00:56,
32526771_8.batch,batch,COMPLETED,00:00:56,10.99G
32526771_9,null-bundle-build,COMPLETED,00:00:55,
32526771_9.batch,batch,COMPLETED,00:00:55,10.92G
32526771_10,null-bundle-build,COMPLETED,00:00:55,
32526771_10.batch,batch,COMPLETED,00:00:55,10.93G
32526771_11,null-bundle-build,COMPLETED,00:02:23,
32526771_11.batch,batch,COMPLETED,00:02:23,17.30G
32526771_12,null-bundle-build,COMPLETED,00:03:13,
32526771_12.batch,batch,COMPLETED,00:03:13,17.27G
32526771_13,null-bundle-build,COMPLETED,00:03:01,
32526771_13.batch,batch,COMPLETED,00:03:01,17.16G
32526771_14,null-bundle-build,COMPLETED,00:01:53,
32526771_14.batch,batch,COMPLETED,00:01:53,13.82G
32526771_15,null-bundle-build,COMPLETED,00:02:51,
32526771_15.batch,batch,COMPLETED,00:02:51,17.19G
32526771_16,null-bundle-build,COMPLETED,00:03:57,
32526771_16.batch,batch,COMPLETED,00:03:57,10.70G
32526771_17,null-bundle-build,COMPLETED,00:04:00,
32526771_17.batch,batch,COMPLETED,00:04:00,10.70G
32526771_18,null-bundle-build,COMPLETED,00:03:45,
32526771_18.batch,batch,COMPLETED,00:03:45,10.66G
32526771_19,null-bundle-build,COMPLETED,00:01:04,
32526771_19.batch,batch,COMPLETED,00:01:04,11.01G
32526771_20,null-bundle-build,COMPLETED,00:01:09,
32526771_20.batch,batch,COMPLETED,00:01:09,10.87G
32526771_21,null-bundle-build,COMPLETED,00:01:07,
32526771_21.batch,batch,COMPLETED,00:01:07,10.87G
32526771_22,null-bundle-build,COMPLETED,00:01:07,
32526771_22.batch,batch,COMPLETED,00:01:07,10.70G
32526771_23,null-bundle-build,COMPLETED,00:01:16,
32526771_23.batch,batch,COMPLETED,00:01:16,10.67G
32526771_24,null-bundle-build,COMPLETED,00:01:13,
32526771_24.batch,batch,COMPLETED,00:01:13,10.78G
32526771_25,null-bundle-build,COMPLETED,00:04:15,
32526771_25.batch,batch,COMPLETED,00:04:15,10.79G
32526771_26,null-bundle-build,COMPLETED,00:04:30,
32526771_26.batch,batch,COMPLETED,00:04:30,10.74G
32526771_27,null-bundle-build,COMPLETED,00:04:17,
32526771_27.batch,batch,COMPLETED,00:04:17,10.71G
32526771_28,null-bundle-build,COMPLETED,00:03:18,
32526771_28.batch,batch,COMPLETED,00:03:18,17.29G
32526771_29,null-bundle-build,COMPLETED,00:03:15,
32526771_29.batch,batch,COMPLETED,00:03:15,17.18G
32526771_30,null-bundle-build,COMPLETED,00:04:31,
32526771_30.batch,batch,COMPLETED,00:04:31,17.16G
32526771_31,null-bundle-build,COMPLETED,00:02:13,
32526771_31.batch,batch,COMPLETED,00:02:13,13.83G
32526771_32,null-bundle-build,COMPLETED,00:03:23,
32526771_32.batch,batch,COMPLETED,00:03:23,17.29G
32526771_33,null-bundle-build,COMPLETED,00:01:18,
32526771_33.batch,batch,COMPLETED,00:01:18,7.30G
32526771_34,null-bundle-build,COMPLETED,00:05:02,
32526771_34.batch,batch,COMPLETED,00:05:02,15.99G
32526771_35,null-bundle-build,COMPLETED,00:02:12,
32526771_35.batch,batch,COMPLETED,00:02:12,10.86G
32526771_36,null-bundle-build,COMPLETED,00:02:22,
32526771_36.batch,batch,COMPLETED,00:02:22,11.13G
32526771_37,null-bundle-build,COMPLETED,00:02:04,
32526771_37.batch,batch,COMPLETED,00:02:04,10.94G
32526771_38,null-bundle-build,COMPLETED,00:02:55,
32526771_38.batch,batch,COMPLETED,00:02:55,17.19G
32526771_39,null-bundle-build,COMPLETED,00:02:23,
32526771_39.batch,batch,COMPLETED,00:02:23,17.29G
32526771_40,null-bundle-build,COMPLETED,00:02:49,
32526771_40.batch,batch,COMPLETED,00:02:49,17.29G
32526771_41,null-bundle-build,COMPLETED,00:01:25,
32526771_41.batch,batch,COMPLETED,00:01:25,13.85G
32526771_42,null-bundle-build,COMPLETED,00:02:35,
32526771_42.batch,batch,COMPLETED,00:02:35,17.15G
32526771_43,null-bundle-build,COMPLETED,00:03:42,
32526771_43.batch,batch,COMPLETED,00:03:42,10.69G
32526771_44,null-bundle-build,COMPLETED,00:07:04,
32526771_44.batch,batch,COMPLETED,00:07:04,10.75G
32526771_45,null-bundle-build,COMPLETED,00:03:55,
32526771_45.batch,batch,COMPLETED,00:03:55,10.79G
32526771_46,null-bundle-build,COMPLETED,00:01:08,
32526771_46.batch,batch,COMPLETED,00:01:08,11.01G
32526771_47,null-bundle-build,COMPLETED,00:01:11,
32526771_47.batch,batch,COMPLETED,00:01:11,11.01G
32526771_48,null-bundle-build,COMPLETED,00:01:25,
32526771_48.batch,batch,COMPLETED,00:01:25,10.87G
32526771_49,null-bundle-build,COMPLETED,00:01:25,
32526771_49.batch,batch,COMPLETED,00:01:25,10.68G
32526771_50,null-bundle-build,COMPLETED,00:01:24,
32526771_50.batch,batch,COMPLETED,00:01:24,10.63G
32526771_51,null-bundle-build,COMPLETED,00:01:32,
32526771_51.batch,batch,COMPLETED,00:01:32,10.68G
32527632,null-bundle-validate-summary,COMPLETED,00:00:30,
32527632.batch,batch,COMPLETED,00:00:30,0.36G
32527631_0,null-bundle-validate,COMPLETED,00:02:14,
32527631_0.batch,batch,COMPLETED,00:02:14,1.49G
32527631_1,null-bundle-validate,COMPLETED,00:01:58,
32527631_1.batch,batch,COMPLETED,00:01:58,0.96G
32527631_2,null-bundle-validate,COMPLETED,00:01:48,
32527631_2.batch,batch,COMPLETED,00:01:48,0.92G
32527631_3,null-bundle-validate,COMPLETED,00:01:46,
32527631_3.batch,batch,COMPLETED,00:01:46,1.01G
32527631_4,null-bundle-validate,COMPLETED,00:02:01,
32527631_4.batch,batch,COMPLETED,00:02:01,1.38G
32527631_5,null-bundle-validate,COMPLETED,00:02:05,
32527631_5.batch,batch,COMPLETED,00:02:05,0.86G
32527631_6,null-bundle-validate,COMPLETED,00:01:43,
32527631_6.batch,batch,COMPLETED,00:01:43,0.94G
32527631_7,null-bundle-validate,COMPLETED,00:01:48,
32527631_7.batch,batch,COMPLETED,00:01:48,0.69G
32527631_8,null-bundle-validate,COMPLETED,00:01:33,
32527631_8.batch,batch,COMPLETED,00:01:33,0.85G
32527631_9,null-bundle-validate,COMPLETED,00:01:26,
32527631_9.batch,batch,COMPLETED,00:01:26,0.85G
32527631_10,null-bundle-validate,COMPLETED,00:02:08,
32527631_10.batch,batch,COMPLETED,00:02:08,0.90G
32527631_11,null-bundle-validate,COMPLETED,00:02:22,
32527631_11.batch,batch,COMPLETED,00:02:22,0.65G
32527631_12,null-bundle-validate,COMPLETED,00:02:28,
32527631_12.batch,batch,COMPLETED,00:02:28,0.69G
32527631_13,null-bundle-validate,COMPLETED,00:02:33,
32527631_13.batch,batch,COMPLETED,00:02:33,0.67G
32527631_14,null-bundle-validate,COMPLETED,00:02:01,
32527631_14.batch,batch,COMPLETED,00:02:01,0.84G
32527631_15,null-bundle-validate,COMPLETED,00:02:01,
32527631_15.batch,batch,COMPLETED,00:02:01,0.60G
32527631_16,null-bundle-validate,COMPLETED,00:02:53,
32527631_16.batch,batch,COMPLETED,00:02:53,3.37G
32527631_17,null-bundle-validate,COMPLETED,00:02:55,
32527631_17.batch,batch,COMPLETED,00:02:55,3.52G
32527631_18,null-bundle-validate,COMPLETED,00:02:56,
32527631_18.batch,batch,COMPLETED,00:02:56,3.34G
32527631_19,null-bundle-validate,COMPLETED,00:01:51,
32527631_19.batch,batch,COMPLETED,00:01:51,0.86G
32527631_20,null-bundle-validate,COMPLETED,00:01:52,
32527631_20.batch,batch,COMPLETED,00:01:52,0.51G
32527631_21,null-bundle-validate,COMPLETED,00:01:52,
32527631_21.batch,batch,COMPLETED,00:01:52,0.54G
32527631_22,null-bundle-validate,COMPLETED,00:01:55,
32527631_22.batch,batch,COMPLETED,00:01:55,0.62G
32527631_23,null-bundle-validate,COMPLETED,00:02:12,
32527631_23.batch,batch,COMPLETED,00:02:12,0.67G
32527631_24,null-bundle-validate,COMPLETED,00:02:12,
32527631_24.batch,batch,COMPLETED,00:02:12,1.05G
32527631_25,null-bundle-validate,COMPLETED,00:03:29,
32527631_25.batch,batch,COMPLETED,00:03:29,4.10G
32527631_26,null-bundle-validate,COMPLETED,00:02:58,
32527631_26.batch,batch,COMPLETED,00:02:58,4.21G
32527631_27,null-bundle-validate,COMPLETED,00:02:48,
32527631_27.batch,batch,COMPLETED,00:02:48,3.99G
32527631_28,null-bundle-validate,COMPLETED,00:02:05,
32527631_28.batch,batch,COMPLETED,00:02:05,1.16G
32527631_29,null-bundle-validate,COMPLETED,00:02:02,
32527631_29.batch,batch,COMPLETED,00:02:02,0.70G
32527631_30,null-bundle-validate,COMPLETED,00:02:25,
32527631_30.batch,batch,COMPLETED,00:02:25,2.60G
32527631_31,null-bundle-validate,COMPLETED,00:02:01,
32527631_31.batch,batch,COMPLETED,00:02:01,0.76G
32527631_32,null-bundle-validate,COMPLETED,00:02:05,
32527631_32.batch,batch,COMPLETED,00:02:05,1.46G
32527631_33,null-bundle-validate,COMPLETED,00:02:01,
32527631_33.batch,batch,COMPLETED,00:02:01,0.42G
32527631_34,null-bundle-validate,COMPLETED,00:02:58,
32527631_34.batch,batch,COMPLETED,00:02:58,2.66G
32527631_35,null-bundle-validate,COMPLETED,00:02:20,
32527631_35.batch,batch,COMPLETED,00:02:20,1.41G
32527631_36,null-bundle-validate,COMPLETED,00:02:20,
32527631_36.batch,batch,COMPLETED,00:02:20,1.56G
32527631_37,null-bundle-validate,COMPLETED,00:02:14,
32527631_37.batch,batch,COMPLETED,00:02:14,1.20G
32527631_38,null-bundle-validate,COMPLETED,00:02:14,
32527631_38.batch,batch,COMPLETED,00:02:14,1.33G
32527631_39,null-bundle-validate,COMPLETED,00:01:58,
32527631_39.batch,batch,COMPLETED,00:01:58,0.69G
32527631_40,null-bundle-validate,COMPLETED,00:02:02,
32527631_40.batch,batch,COMPLETED,00:02:02,0.76G
32527631_41,null-bundle-validate,COMPLETED,00:01:58,
32527631_41.batch,batch,COMPLETED,00:01:58,0.72G
32527631_42,null-bundle-validate,COMPLETED,00:02:02,
32527631_42.batch,batch,COMPLETED,00:02:02,0.83G
32527631_43,null-bundle-validate,COMPLETED,00:03:03,
32527631_43.batch,batch,COMPLETED,00:03:03,3.54G
32527631_44,null-bundle-validate,COMPLETED,00:03:11,
32527631_44.batch,batch,COMPLETED,00:03:11,3.72G
32527631_45,null-bundle-validate,COMPLETED,00:02:59,
32527631_45.batch,batch,COMPLETED,00:02:59,3.50G
32527631_46,null-bundle-validate,COMPLETED,00:01:56,
32527631_46.batch,batch,COMPLETED,00:01:56,0.76G
32527631_47,null-bundle-validate,COMPLETED,00:01:56,
32527631_47.batch,batch,COMPLETED,00:01:56,0.60G
32527631_48,null-bundle-validate,COMPLETED,00:01:54,
32527631_48.batch,batch,COMPLETED,00:01:54,0.56G
32527631_49,null-bundle-validate,COMPLETED,00:02:11,
32527631_49.batch,batch,COMPLETED,00:02:11,0.97G
32527631_50,null-bundle-validate,COMPLETED,00:02:11,
32527631_50.batch,batch,COMPLETED,00:02:11,0.75G
32527631_51,null-bundle-validate,COMPLETED,00:02:14,
32527631_51.batch,batch,COMPLETED,00:02:14,0.69G
32527988,null-bundle-validate-summary,COMPLETED,00:00:18,
32527988.batch,batch,COMPLETED,00:00:18,0.22G
32527987_0,null-bundle-validate,COMPLETED,00:01:58,
32527987_0.batch,batch,COMPLETED,00:01:58,1.17G
32527987_1,null-bundle-validate,COMPLETED,00:01:55,
32527987_1.batch,batch,COMPLETED,00:01:55,0.98G
32527987_2,null-bundle-validate,COMPLETED,00:02:15,
32527987_2.batch,batch,COMPLETED,00:02:15,0.86G
32527987_3,null-bundle-validate,COMPLETED,00:02:05,
32527987_3.batch,batch,COMPLETED,00:02:05,0.91G
32527987_4,null-bundle-validate,COMPLETED,00:01:52,
32527987_4.batch,batch,COMPLETED,00:01:52,1.07G
32527987_5,null-bundle-validate,COMPLETED,00:01:45,
32527987_5.batch,batch,COMPLETED,00:01:45,0.78G
32527987_6,null-bundle-validate,COMPLETED,00:01:44,
32527987_6.batch,batch,COMPLETED,00:01:44,0.51G
32527987_7,null-bundle-validate,COMPLETED,00:01:39,
32527987_7.batch,batch,COMPLETED,00:01:39,0.54G
32527987_8,null-bundle-validate,COMPLETED,00:01:38,
32527987_8.batch,batch,COMPLETED,00:01:38,0.81G
32527987_9,null-bundle-validate,COMPLETED,00:01:42,
32527987_9.batch,batch,COMPLETED,00:01:42,0.41G
32527987_10,null-bundle-validate,COMPLETED,00:01:45,
32527987_10.batch,batch,COMPLETED,00:01:45,0.40G
32527987_11,null-bundle-validate,COMPLETED,00:01:58,
32527987_11.batch,batch,COMPLETED,00:01:58,0.60G
32527987_12,null-bundle-validate,COMPLETED,00:02:01,
32527987_12.batch,batch,COMPLETED,00:02:01,0.64G
32527987_13,null-bundle-validate,COMPLETED,00:02:01,
32527987_13.batch,batch,COMPLETED,00:02:01,0.64G
32527987_14,null-bundle-validate,COMPLETED,00:01:55,
32527987_14.batch,batch,COMPLETED,00:01:55,0.39G
32527987_15,null-bundle-validate,COMPLETED,00:01:58,
32527987_15.batch,batch,COMPLETED,00:01:58,0.60G
32527987_16,null-bundle-validate,COMPLETED,00:02:49,
32527987_16.batch,batch,COMPLETED,00:02:49,3.37G
32527987_17,null-bundle-validate,COMPLETED,00:02:50,
32527987_17.batch,batch,COMPLETED,00:02:50,3.52G
32527987_18,null-bundle-validate,COMPLETED,00:02:28,
32527987_18.batch,batch,COMPLETED,00:02:28,3.33G
32527987_19,null-bundle-validate,COMPLETED,00:01:38,
32527987_19.batch,batch,COMPLETED,00:01:38,0.41G
32527987_20,null-bundle-validate,COMPLETED,00:01:39,
32527987_20.batch,batch,COMPLETED,00:01:39,0.51G
32527987_21,null-bundle-validate,COMPLETED,00:01:44,
32527987_21.batch,batch,COMPLETED,00:01:44,0.52G
32527987_22,null-bundle-validate,COMPLETED,00:01:49,
32527987_22.batch,batch,COMPLETED,00:01:49,0.61G
32527987_23,null-bundle-validate,COMPLETED,00:02:01,
32527987_23.batch,batch,COMPLETED,00:02:01,0.58G
32527987_24,null-bundle-validate,COMPLETED,00:01:45,
32527987_24.batch,batch,COMPLETED,00:01:45,0.60G
32527987_25,null-bundle-validate,COMPLETED,00:02:58,
32527987_25.batch,batch,COMPLETED,00:02:58,4.02G
32527987_26,null-bundle-validate,COMPLETED,00:04:07,
32527987_26.batch,batch,COMPLETED,00:04:07,4.21G
32527987_27,null-bundle-validate,COMPLETED,00:03:41,
32527987_27.batch,batch,COMPLETED,00:03:41,4.00G
32527987_28,null-bundle-validate,COMPLETED,00:02:32,
32527987_28.batch,batch,COMPLETED,00:02:32,1.17G
32527987_29,null-bundle-validate,COMPLETED,00:02:25,
32527987_29.batch,batch,COMPLETED,00:02:25,0.84G
32527987_30,null-bundle-validate,COMPLETED,00:03:02,
32527987_30.batch,batch,COMPLETED,00:03:02,2.61G
32527987_31,null-bundle-validate,COMPLETED,00:02:25,
32527987_31.batch,batch,COMPLETED,00:02:25,0.59G
32527987_32,null-bundle-validate,COMPLETED,00:02:32,
32527987_32.batch,batch,COMPLETED,00:02:32,1.46G
32527987_33,null-bundle-validate,COMPLETED,00:02:25,
32527987_33.batch,batch,COMPLETED,00:02:25,0.45G
32527987_34,null-bundle-validate,COMPLETED,00:02:58,
32527987_34.batch,batch,COMPLETED,00:02:58,2.65G
32527987_35,null-bundle-validate,COMPLETED,00:02:22,
32527987_35.batch,batch,COMPLETED,00:02:22,1.40G
32527987_36,null-bundle-validate,COMPLETED,00:02:28,
32527987_36.batch,batch,COMPLETED,00:02:28,1.54G
32527987_37,null-bundle-validate,COMPLETED,00:02:18,
32527987_37.batch,batch,COMPLETED,00:02:18,1.20G
32527987_38,null-bundle-validate,COMPLETED,00:02:11,
32527987_38.batch,batch,COMPLETED,00:02:11,1.05G
32527987_39,null-bundle-validate,COMPLETED,00:02:01,
32527987_39.batch,batch,COMPLETED,00:02:01,0.51G
32527987_40,null-bundle-validate,COMPLETED,00:02:07,
32527987_40.batch,batch,COMPLETED,00:02:07,0.75G
32527987_41,null-bundle-validate,COMPLETED,00:01:58,
32527987_41.batch,batch,COMPLETED,00:01:58,0.45G
32527987_42,null-bundle-validate,COMPLETED,00:02:07,
32527987_42.batch,batch,COMPLETED,00:02:07,0.82G
32527987_43,null-bundle-validate,COMPLETED,00:03:10,
32527987_43.batch,batch,COMPLETED,00:03:10,3.54G
32527987_44,null-bundle-validate,COMPLETED,00:03:18,
32527987_44.batch,batch,COMPLETED,00:03:18,3.71G
32527987_45,null-bundle-validate,COMPLETED,00:03:08,
32527987_45.batch,batch,COMPLETED,00:03:08,3.50G
32527987_46,null-bundle-validate,COMPLETED,00:02:01,
32527987_46.batch,batch,COMPLETED,00:02:01,0.42G
32527987_47,null-bundle-validate,COMPLETED,00:01:48,
32527987_47.batch,batch,COMPLETED,00:01:48,0.52G
32527987_48,null-bundle-validate,COMPLETED,00:01:55,
32527987_48.batch,batch,COMPLETED,00:01:55,0.54G
32527987_49,null-bundle-validate,COMPLETED,00:01:55,
32527987_49.batch,batch,COMPLETED,00:01:55,0.61G
32527987_50,null-bundle-validate,COMPLETED,00:01:54,
32527987_50.batch,batch,COMPLETED,00:01:54,0.58G
32527987_51,null-bundle-validate,COMPLETED,00:01:58,
32527987_51.batch,batch,COMPLETED,00:01:58,0.60G
